[
    {
        "BankCode" : "BNK516",
        "BankName" : "Bank of India",
        "Loans" : [
            { 
                "Region" : "North",
                "No. of Loans" : 524,
                "Quarter" : "Q2-2015"
            },
            { 
                "Region" : "South",
                "No. of Loans" : 375,
                "Quarter" : "Q2-2015"
            },
            { 
                "Region" : "East",
                "No. of Loans" : 1024,
                "Quarter" : "Q2-2015"
            },
            { 
                "Region" : "West",
                "No. of Loans" : 786,
                "Quarter" : "Q2-2015"
            }
        ]
    },
    {
        "BankCode" : "BNK422",
        "BankName" : "State Bank of India",
        "Loans" : [
            { 
                "Region" : "North",
                "No. of Loans" : 983,
                "Quarter" : "Q2-2015"
            },
            { 
                "Region" : "South",
                "No. of Loans" : 812,
                "Quarter" : "Q2-2015"
            },
            { 
                "Region" : "East",
                "No. of Loans" : 1137,
                "Quarter" : "Q2-2015"
            },
            { 
                "Region" : "West",
                "No. of Loans" : 449,
                "Quarter" : "Q2-2015"
            }
        ]
    }
]